a0,b0,mu0,s20,it,free_energy
2,2,0,0.3333333333333333,12,-23.907156341569276
3,3,6,7.0,14,-28.536816267779333
4,9,4,2.0,13,-21.77863810912736
1,8,4,1.0,13,-22.649665268519527
3,6,4,5.0,14,-21.93632190391543
1,3,7,8.0,15,-28.486092468251165
1,2,7,0.0,14,-28.778457810802415
3,7,4,6.0,14,-21.831872872837156
5,8,6,4.0,13,-28.15537541324344
4,7,2,9.0,15,-19.603206948692403
